url,tagName,value,no_of_chars,fontSize,color,height,width,fontFamily,fontWeight,fontVariant,lineHeight,letterSpacing,wordSpacing,textAlign,textDecoration,textTransform,margin,padding,backgroundColor,backgroundImage,backgroundPosition,backgroundRepeat,backgroundSize
https://tympanus.net/Development/Origami,DIV,114688.0,7,128px,"rgba(0, 0, 0, 0)",auto,auto,"""Zen Dots"", sans-serif",400,normal,128px,normal,0px,start,"none solid rgba(0, 0, 0, 0)",none,none,none,"rgba(0, 0, 0, 0)","linear-gradient(to left, rgb(130, 130, 130), rgb(255, 255, 255))",0% 0%,repeat,auto
https://tympanus.net/Development/Origami,DIV,114688.0,7,128px,"rgba(0, 0, 0, 0)",auto,auto,"""Zen Dots"", sans-serif",400,normal,128px,normal,0px,start,"none solid rgba(0, 0, 0, 0)",none,none,none,"rgba(0, 0, 0, 0)","linear-gradient(to left, rgb(130, 130, 130), rgb(255, 255, 255))",0% 0%,repeat,auto
https://tympanus.net/Development/Origami,DIV,114688.0,7,128px,"rgba(0, 0, 0, 0)",auto,auto,"""Zen Dots"", sans-serif",400,normal,128px,normal,0px,start,"none solid rgba(0, 0, 0, 0)",none,none,none,"rgba(0, 0, 0, 0)","linear-gradient(to left, rgb(130, 130, 130), rgb(255, 255, 255))",0% 0%,repeat,auto
https://tympanus.net/Development/Origami,DIV,114688.0,7,128px,"rgba(0, 0, 0, 0)",auto,auto,"""Zen Dots"", sans-serif",400,normal,128px,normal,0px,start,"none solid rgba(0, 0, 0, 0)",none,none,none,"rgba(0, 0, 0, 0)","linear-gradient(to left, rgb(130, 130, 130), rgb(255, 255, 255))",0% 0%,repeat,auto
https://tympanus.net/Development/Origami,DIV,114688.0,7,128px,"rgba(0, 0, 0, 0)",auto,auto,"""Zen Dots"", sans-serif",400,normal,128px,normal,0px,start,"none solid rgba(0, 0, 0, 0)",none,none,none,"rgba(0, 0, 0, 0)","linear-gradient(to left, rgb(130, 130, 130), rgb(255, 255, 255))",0% 0%,repeat,auto
https://tympanus.net/Development/Origami,DIV,114688.0,7,128px,"rgba(0, 0, 0, 0)",auto,auto,"""Zen Dots"", sans-serif",400,normal,128px,normal,0px,start,"none solid rgba(0, 0, 0, 0)",none,none,none,"rgba(0, 0, 0, 0)","linear-gradient(to left, rgb(130, 130, 130), rgb(255, 255, 255))",0% 0%,repeat,auto
http://tympanus.net/Development/LineTextHoverAnimations/,BODY,523008.0,2043,16px,"rgb(0, 0, 0)",auto,auto,"""JetBrains Mono"", monospace",300,normal,normal,normal,0px,start,"none solid rgb(0, 0, 0)",uppercase,none,none,"rgb(255, 255, 255)",none,0% 0%,repeat,auto
http://tympanus.net/Development/LineTextHoverAnimations/,MAIN,509696.0,1991,16px,"rgb(0, 0, 0)",auto,auto,"""JetBrains Mono"", monospace",300,normal,normal,normal,0px,start,"none solid rgb(0, 0, 0)",uppercase,none,none,"rgba(0, 0, 0, 0)",none,0% 0%,repeat,auto
http://tympanus.net/Development/LineTextHoverAnimations/,SECTION,432384.0,1689,16px,"rgb(0, 0, 0)",auto,auto,"""JetBrains Mono"", monospace",300,normal,normal,normal,0px,start,"none solid rgb(0, 0, 0)",uppercase,none,none,"rgba(0, 0, 0, 0)",none,0% 0%,repeat,auto
http://tympanus.net/Development/LineTextHoverAnimations/,SECTION,432384.0,1689,16px,"rgb(0, 0, 0)",auto,auto,"""JetBrains Mono"", monospace",300,normal,normal,normal,0px,start,"none solid rgb(0, 0, 0)",uppercase,none,none,"rgba(0, 0, 0, 0)",none,0% 0%,repeat,auto
http://tympanus.net/Development/LineTextHoverAnimations/,UL,303104.0,1184,16px,"rgb(0, 0, 0)",auto,auto,"""JetBrains Mono"", monospace",300,normal,normal,normal,0px,start,"none solid rgb(0, 0, 0)",uppercase,none,none,"rgba(0, 0, 0, 0)",none,0% 0%,repeat,auto
http://tympanus.net/Development/LineTextHoverAnimations/,UL,303104.0,1184,16px,"rgb(0, 0, 0)",auto,auto,"""JetBrains Mono"", monospace",300,normal,normal,normal,0px,start,"none solid rgb(0, 0, 0)",uppercase,none,none,"rgba(0, 0, 0, 0)",none,0% 0%,repeat,auto
http://tympanus.net/Development/PushGridItems/,BODY,49104.0,341,12px,"rgba(255, 255, 255, 0.6)",auto,auto,"area-normal, -apple-system, BlinkMacSystemFont, ""Segoe UI"", Helvetica, Arial, sans-serif",400,normal,normal,normal,0px,start,"none solid rgba(255, 255, 255, 0.6)",none,none,none,"rgb(0, 0, 0)","url(""https://tympanus.net/Development/PushGridItems/img/noise.png""), radial-gradient(at center top, rgb(8, 19, 38), rgba(0, 0, 0, 0)), radial-gradient(at center bottom, rgb(36, 17, 47), rgba(0, 0, 0, 0))","0% 0%, 0% 0%, 0% 0%","repeat, repeat, repeat","180px, 100%, 200%"
http://tympanus.net/Development/PushGridItems/,MAIN,45504.0,316,12px,"rgba(255, 255, 255, 0.6)",auto,auto,"area-normal, -apple-system, BlinkMacSystemFont, ""Segoe UI"", Helvetica, Arial, sans-serif",400,normal,normal,normal,0px,start,"none solid rgba(255, 255, 255, 0.6)",none,none,none,"rgba(0, 0, 0, 0)",none,0% 0%,repeat,auto
http://tympanus.net/Development/PushGridItems/,HEADER,33984.0,236,12px,"rgba(255, 255, 255, 0.6)",auto,auto,"area-normal, -apple-system, BlinkMacSystemFont, ""Segoe UI"", Helvetica, Arial, sans-serif",400,normal,normal,normal,0px,start,"none solid rgba(255, 255, 255, 0.6)",none,none,none,"rgba(0, 0, 0, 0)",none,0% 0%,repeat,auto
http://tympanus.net/Development/PushGridItems/,HEADER,33984.0,236,12px,"rgba(255, 255, 255, 0.6)",auto,auto,"area-normal, -apple-system, BlinkMacSystemFont, ""Segoe UI"", Helvetica, Arial, sans-serif",400,normal,normal,normal,0px,start,"none solid rgba(255, 255, 255, 0.6)",none,none,none,"rgba(0, 0, 0, 0)",none,0% 0%,repeat,auto
http://tympanus.net/Development/PushGridItems/,DIV,12672.0,88,12px,"rgba(255, 255, 255, 0.6)",auto,auto,"area-normal, -apple-system, BlinkMacSystemFont, ""Segoe UI"", Helvetica, Arial, sans-serif",400,normal,normal,normal,0px,right,"none solid rgba(255, 255, 255, 0.6)",none,none,none,"rgba(0, 0, 0, 0)",none,0% 0%,repeat,auto
http://tympanus.net/Development/PushGridItems/,A,12672.0,88,12px,"rgb(255, 255, 255)",auto,auto,"area-normal, -apple-system, BlinkMacSystemFont, ""Segoe UI"", Helvetica, Arial, sans-serif",400,normal,normal,normal,0px,right,"none solid rgb(255, 255, 255)",none,none,none,"rgba(0, 0, 0, 0)",none,0% 0%,repeat,auto
https://tympanus.net/Development/IntroGridMotionTransition,BODY,245952.0,1708,12px,"rgb(41, 40, 40)",auto,auto,"new-science-mono, sans-serif",400,normal,normal,normal,0px,start,"none solid rgb(41, 40, 40)",uppercase,none,none,"rgb(221, 221, 221)",none,0% 0%,repeat,auto
https://tympanus.net/Development/IntroGridMotionTransition,MAIN,238032.0,1653,12px,"rgb(41, 40, 40)",auto,auto,"new-science-mono, sans-serif",400,normal,normal,normal,0px,start,"none solid rgb(41, 40, 40)",uppercase,none,none,"rgba(0, 0, 0, 0)",none,0% 0%,repeat,auto
https://tympanus.net/Development/IntroGridMotionTransition,H2,228096.0,11,144px,"rgb(41, 40, 40)",auto,auto,"new-science-extended, sans-serif",400,normal,129.6px,normal,0px,start,"none solid rgb(41, 40, 40)",uppercase,none,none,"rgba(0, 0, 0, 0)",none,0% 0%,repeat,auto
https://tympanus.net/Development/IntroGridMotionTransition,H2,228096.0,11,144px,"rgb(41, 40, 40)",auto,auto,"new-science-extended, sans-serif",400,normal,129.6px,normal,0px,start,"none solid rgb(41, 40, 40)",uppercase,none,none,"rgba(0, 0, 0, 0)",none,0% 0%,repeat,auto
https://tympanus.net/Development/IntroGridMotionTransition,H2,228096.0,11,144px,"rgb(41, 40, 40)",auto,auto,"new-science-extended, sans-serif",400,normal,129.6px,normal,0px,start,"none solid rgb(41, 40, 40)",uppercase,none,none,"rgba(0, 0, 0, 0)",none,0% 0%,repeat,auto
https://tympanus.net/Development/IntroGridMotionTransition,H2,228096.0,11,144px,"rgb(41, 40, 40)",auto,auto,"new-science-extended, sans-serif",400,normal,129.6px,normal,0px,start,"none solid rgb(41, 40, 40)",uppercase,none,none,"rgba(0, 0, 0, 0)",none,0% 0%,repeat,auto
https://tympanus.net/Development/TextureTransition,BODY,42094.08,203,14.4px,"rgb(245, 245, 245)",auto,auto,"Panton, sans-serif",400,normal,normal,normal,0px,start,"none solid rgb(245, 245, 245)",none,none,none,"rgba(0, 0, 0, 0)",none,0% 0%,repeat,auto
https://tympanus.net/Development/TextureTransition,DIV,38983.68,188,14.4px,"rgb(245, 245, 245)",auto,auto,"Panton, sans-serif",400,normal,normal,normal,0px,start,"none solid rgb(245, 245, 245)",none,none,none,"rgba(0, 0, 0, 0)",none,0% 0%,repeat,auto
https://tympanus.net/Development/TextureTransition,DIV,38983.68,188,14.4px,"rgb(245, 245, 245)",auto,auto,"Panton, sans-serif",400,normal,normal,normal,0px,start,"none solid rgb(245, 245, 245)",none,none,none,"rgba(0, 0, 0, 0)",none,0% 0%,repeat,auto
https://tympanus.net/Development/TextureTransition,DIV,38983.68,188,14.4px,"rgb(245, 245, 245)",auto,auto,"Panton, sans-serif",400,normal,normal,normal,0px,start,"none solid rgb(245, 245, 245)",none,none,none,"rgba(0, 0, 0, 0)",none,0% 0%,repeat,auto
https://tympanus.net/Development/TextureTransition,DIV,18247.68,88,14.4px,"rgb(245, 245, 245)",auto,auto,"Panton, sans-serif",400,normal,normal,normal,0px,start,"none solid rgb(245, 245, 245)",none,none,none,"rgba(0, 0, 0, 0)",none,0% 0%,repeat,auto
https://tympanus.net/Development/TextureTransition,A,18247.68,88,14.4px,"rgb(245, 245, 245)",auto,auto,"Panton, sans-serif",400,normal,normal,normal,0px,start,"none solid rgb(245, 245, 245)",none,none,none,"rgba(0, 0, 0, 0)",none,0% 0%,repeat,auto
https://tympanus.net/Development/ScrollBlurTypography/,DIV,677376.0,294,48px,"rgba(227, 226, 220, 0.86)",auto,auto,"instrument-sans-variable, sans-serif",400,normal,57.6px,-2.4px,0px,start,"none solid rgba(227, 226, 220, 0.86)",none,none,none,"rgba(0, 0, 0, 0)",none,0% 0%,repeat,auto
https://tympanus.net/Development/ScrollBlurTypography/,DIV,677376.0,294,48px,"rgba(227, 226, 220, 0.86)",auto,auto,"instrument-sans-variable, sans-serif",400,normal,57.6px,-2.4px,0px,start,"none solid rgba(227, 226, 220, 0.86)",none,none,none,"rgba(0, 0, 0, 0)",none,0% 0%,repeat,auto
https://tympanus.net/Development/ScrollBlurTypography/,DIV,677376.0,294,48px,"rgba(227, 226, 220, 0.86)",auto,auto,"instrument-sans-variable, sans-serif",400,normal,57.6px,-2.4px,0px,start,"none solid rgba(227, 226, 220, 0.86)",none,none,none,"rgba(0, 0, 0, 0)",none,0% 0%,repeat,auto
https://tympanus.net/Development/ScrollBlurTypography/,DIV,677376.0,294,48px,"rgba(227, 226, 220, 0.86)",auto,auto,"instrument-sans-variable, sans-serif",400,normal,57.6px,-2.4px,0px,start,"none solid rgba(227, 226, 220, 0.86)",none,none,none,"rgba(0, 0, 0, 0)",none,0% 0%,repeat,auto
https://tympanus.net/Development/ScrollBlurTypography/,DIV,594432.0,258,48px,"rgba(227, 226, 220, 0.86)",auto,auto,"instrument-sans-variable, sans-serif",400,normal,57.6px,-2.4px,0px,start,"none solid rgba(227, 226, 220, 0.86)",none,none,none,"rgba(0, 0, 0, 0)",none,0% 0%,repeat,auto
https://tympanus.net/Development/ScrollBlurTypography/,DIV,594432.0,258,48px,"rgba(227, 226, 220, 0.86)",auto,auto,"instrument-sans-variable, sans-serif",400,normal,57.6px,-2.4px,0px,start,"none solid rgba(227, 226, 220, 0.86)",none,none,none,"rgba(0, 0, 0, 0)",none,0% 0%,repeat,auto
https://tympanus.net/Development/OnScrollTextHighlight/,DIV,7381920.0,2730,52px,"rgb(184, 175, 170)",auto,auto,"parabolica, serif",300,normal,62.4px,-1.17px,0px,start,"none solid rgb(184, 175, 170)",none,none,none,"rgba(0, 0, 0, 0)",none,0% 0%,repeat,auto
https://tympanus.net/Development/OnScrollTextHighlight/,DIV,7381920.0,2730,52px,"rgb(184, 175, 170)",auto,auto,"parabolica, serif",300,normal,62.4px,-1.17px,0px,start,"none solid rgb(184, 175, 170)",none,none,none,"rgba(0, 0, 0, 0)",none,0% 0%,repeat,auto
https://tympanus.net/Development/OnScrollTextHighlight/,H2,4390912.0,67,256px,"rgb(184, 175, 170)",307.2px,1163.1px,"parabolica, serif",700,normal,307.2px,-1.17px,0px,start,"none solid rgb(184, 175, 170)",none,none,none,"rgba(0, 0, 0, 0)",none,0% 0%,repeat,auto
https://tympanus.net/Development/OnScrollTextHighlight/,H2,4390912.0,67,256px,"rgb(184, 175, 170)",307.2px,1163.1px,"parabolica, serif",700,normal,307.2px,-1.17px,0px,start,"none solid rgb(184, 175, 170)",none,none,none,"rgba(0, 0, 0, 0)",none,0% 0%,repeat,auto
https://tympanus.net/Development/OnScrollTextHighlight/,H2,4390912.0,67,256px,"rgb(184, 175, 170)",307.2px,1163.1px,"parabolica, serif",700,normal,307.2px,-1.17px,0px,start,"none solid rgb(184, 175, 170)",none,none,none,"rgba(0, 0, 0, 0)",none,0% 0%,repeat,auto
https://tympanus.net/Development/OnScrollTextHighlight/,H2,4390912.0,67,256px,"rgb(184, 175, 170)",307.2px,1163.1px,"parabolica, serif",700,normal,307.2px,-1.17px,0px,start,"none solid rgb(184, 175, 170)",none,none,none,"rgba(0, 0, 0, 0)",none,0% 0%,repeat,auto
https://tympanus.net/Development/EntranceAnimationForImages/,BODY,214016.0,836,16px,"rgb(17, 17, 17)",auto,auto,"-apple-system, BlinkMacSystemFont, ""Segoe UI"", Helvetica, Arial, sans-serif",400,normal,normal,normal,0px,start,"none solid rgb(17, 17, 17)",none,none,none,"rgba(0, 0, 0, 0)","url(""https://tympanus.net/Development/EntranceAnimationForImages/img/noise.png""), radial-gradient(circle, rgb(227, 239, 237) 0%, rgb(140, 169, 175) 100%)","0% 0%, 0% 0%","repeat, repeat","150px, 100% 720px"
https://tympanus.net/Development/EntranceAnimationForImages/,MAIN,200704.0,784,16px,"rgb(17, 17, 17)",auto,auto,"-apple-system, BlinkMacSystemFont, ""Segoe UI"", Helvetica, Arial, sans-serif",400,normal,normal,normal,0px,start,"none solid rgb(17, 17, 17)",none,none,none,"rgba(0, 0, 0, 0)",none,0% 0%,repeat,auto
https://tympanus.net/Development/EntranceAnimationForImages/,DIV,114432.0,447,16px,"rgb(17, 17, 17)",auto,auto,"-apple-system, BlinkMacSystemFont, ""Segoe UI"", Helvetica, Arial, sans-serif",400,normal,normal,normal,0px,start,"none solid rgb(17, 17, 17)",none,none,none,"rgba(0, 0, 0, 0)",none,0% 0%,repeat,auto
https://tympanus.net/Development/EntranceAnimationForImages/,DIV,114432.0,447,16px,"rgb(17, 17, 17)",auto,auto,"-apple-system, BlinkMacSystemFont, ""Segoe UI"", Helvetica, Arial, sans-serif",400,normal,normal,normal,0px,start,"none solid rgb(17, 17, 17)",none,none,none,"rgba(0, 0, 0, 0)",none,0% 0%,repeat,auto
https://tympanus.net/Development/EntranceAnimationForImages/,DIV,91904.0,359,16px,"rgb(17, 17, 17)",auto,auto,"-apple-system, BlinkMacSystemFont, ""Segoe UI"", Helvetica, Arial, sans-serif",400,normal,normal,normal,0px,start,"none solid rgb(17, 17, 17)",none,none,none,"rgba(0, 0, 0, 0)",none,0% 0%,repeat,auto
https://tympanus.net/Development/EntranceAnimationForImages/,DIV,91904.0,359,16px,"rgb(17, 17, 17)",auto,auto,"-apple-system, BlinkMacSystemFont, ""Segoe UI"", Helvetica, Arial, sans-serif",400,normal,normal,normal,0px,start,"none solid rgb(17, 17, 17)",none,none,none,"rgba(0, 0, 0, 0)",none,0% 0%,repeat,auto
https://tympanus.net/Development/ImageExpansionTypography/,H2,1811353.6,490,60.8px,"rgb(255, 255, 255)",auto,auto,Coconat,400,normal,66.88px,normal,0px,start,"none solid rgb(255, 255, 255)",none,none,none,"rgba(0, 0, 0, 0)",none,0% 0%,repeat,auto
https://tympanus.net/Development/ImageExpansionTypography/,H2,1811353.6,490,60.8px,"rgb(255, 255, 255)",auto,auto,Coconat,400,normal,66.88px,normal,0px,start,"none solid rgb(255, 255, 255)",none,none,none,"rgba(0, 0, 0, 0)",none,0% 0%,repeat,auto
https://tympanus.net/Development/ImageExpansionTypography/,H2,1811353.6,490,60.8px,"rgb(255, 255, 255)",auto,auto,Coconat,400,normal,66.88px,normal,0px,start,"none solid rgb(255, 255, 255)",none,none,none,"rgba(0, 0, 0, 0)",none,0% 0%,repeat,auto
https://tympanus.net/Development/ImageExpansionTypography/,H2,1811353.6,490,60.8px,"rgb(255, 255, 255)",auto,auto,Coconat,400,normal,66.88px,normal,0px,start,"none solid rgb(255, 255, 255)",none,none,none,"rgba(0, 0, 0, 0)",none,0% 0%,repeat,auto
https://tympanus.net/Development/ImageExpansionTypography/,H2,1419509.76,384,60.8px,"rgb(255, 255, 255)",auto,auto,Coconat,400,normal,66.88px,normal,0px,start,"none solid rgb(255, 255, 255)",none,none,none,"rgba(0, 0, 0, 0)",none,0% 0%,repeat,auto
https://tympanus.net/Development/ImageExpansionTypography/,H2,1419509.76,384,60.8px,"rgb(255, 255, 255)",auto,auto,Coconat,400,normal,66.88px,normal,0px,start,"none solid rgb(255, 255, 255)",none,none,none,"rgba(0, 0, 0, 0)",none,0% 0%,repeat,auto
https://tympanus.net/Development/HoverGrid/,H2,177187.5,14,112.5px,"rgb(255, 255, 255)",auto,auto,"Onest, sans-serif",400,normal,112.5px,normal,0px,start,"none solid rgb(255, 255, 255)",none,none,none,"rgba(0, 0, 0, 0)",none,0% 0%,repeat,auto
https://tympanus.net/Development/HoverGrid/,H2,177187.5,14,112.5px,"rgb(255, 255, 255)",auto,auto,"Onest, sans-serif",400,normal,112.5px,normal,0px,start,"none solid rgb(255, 255, 255)",none,none,none,"rgba(0, 0, 0, 0)",none,0% 0%,repeat,auto
https://tympanus.net/Development/HoverGrid/,H2,177187.5,14,112.5px,"rgb(255, 255, 255)",auto,auto,"Onest, sans-serif",400,normal,112.5px,normal,0px,start,"none solid rgb(255, 255, 255)",none,none,none,"rgba(0, 0, 0, 0)",none,0% 0%,repeat,auto
https://tympanus.net/Development/HoverGrid/,H2,177187.5,14,112.5px,"rgb(255, 255, 255)",auto,auto,"Onest, sans-serif",400,normal,112.5px,normal,0px,start,"none solid rgb(255, 255, 255)",none,none,none,"rgba(0, 0, 0, 0)",none,0% 0%,repeat,auto
https://tympanus.net/Development/HoverGrid/,H2,177187.5,14,112.5px,"rgb(255, 255, 255)",auto,auto,"Onest, sans-serif",400,normal,112.5px,normal,0px,start,"none solid rgb(255, 255, 255)",none,none,none,"rgba(0, 0, 0, 0)",none,0% 0%,repeat,auto
https://tympanus.net/Development/HoverGrid/,H2,177187.5,14,112.5px,"rgb(255, 255, 255)",auto,auto,"Onest, sans-serif",400,normal,112.5px,normal,0px,start,"none solid rgb(255, 255, 255)",none,none,none,"rgba(0, 0, 0, 0)",none,0% 0%,repeat,auto
https://tympanus.net/Development/3DStackMotion/,BODY,635040.0,4410,12px,"rgb(255, 255, 255)",auto,auto,"""Kode Mono"", monospace",400,normal,normal,normal,0px,start,"none solid rgb(255, 255, 255)",none,none,none,"rgb(0, 0, 0)","url(""https://tympanus.net/Development/3DStackMotion/img/noise.png""), radial-gradient(circle, rgb(52, 33, 56) 0%, rgb(0, 0, 0) 100%)","0% 0%, 0% 0%","repeat, repeat","400px, 100% 720px"
https://tympanus.net/Development/3DStackMotion/,MAIN,628848.0,4367,12px,"rgb(255, 255, 255)",auto,auto,"""Kode Mono"", monospace",400,normal,normal,normal,0px,start,"none solid rgb(255, 255, 255)",none,none,none,"rgba(0, 0, 0, 0)",none,0% 0%,repeat,auto
https://tympanus.net/Development/3DStackMotion/,DIV,225360.0,1565,12px,"rgb(255, 255, 255)",auto,auto,"""Kode Mono"", monospace",400,normal,normal,normal,0px,start,"none solid rgb(255, 255, 255)",none,none,none,"rgba(0, 0, 0, 0)",none,0% 0%,repeat,auto
https://tympanus.net/Development/3DStackMotion/,DIV,225360.0,1565,12px,"rgb(255, 255, 255)",auto,auto,"""Kode Mono"", monospace",400,normal,normal,normal,0px,start,"none solid rgb(255, 255, 255)",none,none,none,"rgba(0, 0, 0, 0)",none,0% 0%,repeat,auto
https://tympanus.net/Development/3DStackMotion/,DIV,216864.0,1506,12px,"rgb(255, 255, 255)",auto,auto,"""Kode Mono"", monospace",400,normal,normal,normal,0px,start,"none solid rgb(255, 255, 255)",none,none,none,"rgba(0, 0, 0, 0)",none,0% 0%,repeat,auto
https://tympanus.net/Development/3DStackMotion/,DIV,216864.0,1506,12px,"rgb(255, 255, 255)",auto,auto,"""Kode Mono"", monospace",400,normal,normal,normal,0px,start,"none solid rgb(255, 255, 255)",none,none,none,"rgba(0, 0, 0, 0)",none,0% 0%,repeat,auto
https://tympanus.net/Development/ReflectionScroll/,BODY,1489824.0,10346,12px,"rgb(41, 53, 186)",auto,auto,"ouma-latin-variable, -apple-system, BlinkMacSystemFont, ""Segoe UI"", Helvetica, Arial, sans-serif",400,normal,normal,normal,0px,start,"none solid rgb(41, 53, 186)",uppercase,none,none,"rgb(26, 11, 55)",none,0% 0%,repeat,auto
https://tympanus.net/Development/ReflectionScroll/,MAIN,1484064.0,10306,12px,"rgb(41, 53, 186)",auto,auto,"ouma-latin-variable, -apple-system, BlinkMacSystemFont, ""Segoe UI"", Helvetica, Arial, sans-serif",400,normal,normal,normal,0px,start,"none solid rgb(41, 53, 186)",uppercase,none,none,"rgba(0, 0, 0, 0)",none,0% 0%,repeat,auto
https://tympanus.net/Development/ReflectionScroll/,DIV,768816.0,5339,12px,"rgb(41, 53, 186)",auto,auto,"ouma-latin-variable, -apple-system, BlinkMacSystemFont, ""Segoe UI"", Helvetica, Arial, sans-serif",400,normal,normal,normal,0px,start,"none solid rgb(41, 53, 186)",uppercase,none,none,"rgb(26, 11, 55)",none,0% 0%,repeat,auto
https://tympanus.net/Development/ReflectionScroll/,DIV,768816.0,5339,12px,"rgb(41, 53, 186)",auto,auto,"ouma-latin-variable, -apple-system, BlinkMacSystemFont, ""Segoe UI"", Helvetica, Arial, sans-serif",400,normal,normal,normal,0px,start,"none solid rgb(41, 53, 186)",uppercase,none,none,"rgb(26, 11, 55)",none,0% 0%,repeat,auto
https://tympanus.net/Development/ReflectionScroll/,DIV,766512.0,5323,12px,"rgb(41, 53, 186)",auto,auto,"ouma-latin-variable, -apple-system, BlinkMacSystemFont, ""Segoe UI"", Helvetica, Arial, sans-serif",400,normal,normal,normal,0px,start,"none solid rgb(41, 53, 186)",uppercase,none,none,"rgba(0, 0, 0, 0)","url(""https://tympanus.net/Development/ReflectionScroll/img/noise.png""), radial-gradient(circle, rgb(38, 3, 130) 0%, rgb(14, 3, 33) 100%)","0% 0%, 0% 0%","repeat, repeat","400px, 100% 720px"
https://tympanus.net/Development/ReflectionScroll/,DIV,766512.0,5323,12px,"rgb(41, 53, 186)",auto,auto,"ouma-latin-variable, -apple-system, BlinkMacSystemFont, ""Segoe UI"", Helvetica, Arial, sans-serif",400,normal,normal,normal,0px,start,"none solid rgb(41, 53, 186)",uppercase,none,none,"rgba(0, 0, 0, 0)","url(""https://tympanus.net/Development/ReflectionScroll/img/noise.png""), radial-gradient(circle, rgb(38, 3, 130) 0%, rgb(14, 3, 33) 100%)","0% 0%, 0% 0%","repeat, repeat","400px, 100% 720px"
https://tympanus.net/Development/RevealingWebGLImages,BODY,80064.0,556,12px,"rgb(240, 240, 240)",auto,auto,"ui-monospace, monospace",600,normal,normal,normal,0px,start,"none solid rgb(240, 240, 240)",none,none,none,"rgb(16, 16, 20)",none,0% 0%,repeat,auto
https://tympanus.net/Development/RevealingWebGLImages,H1,79200.0,22,60px,"rgb(240, 240, 240)",auto,auto,"gabriella, sans-serif",900,normal,72px,normal,0px,start,"none solid rgb(240, 240, 240)",none,none,none,"rgba(0, 0, 0, 0)",none,0% 0%,repeat,auto
https://tympanus.net/Development/RevealingWebGLImages,H1,79200.0,22,60px,"rgb(240, 240, 240)",auto,auto,"gabriella, sans-serif",900,normal,72px,normal,0px,start,"none solid rgb(240, 240, 240)",none,none,none,"rgba(0, 0, 0, 0)",none,0% 0%,repeat,auto
https://tympanus.net/Development/RevealingWebGLImages,H1,79200.0,22,60px,"rgb(240, 240, 240)",auto,auto,"gabriella, sans-serif",900,normal,72px,normal,0px,start,"none solid rgb(240, 240, 240)",none,none,none,"rgba(0, 0, 0, 0)",none,0% 0%,repeat,auto
https://tympanus.net/Development/RevealingWebGLImages,H1,79200.0,22,60px,"rgb(240, 240, 240)",auto,auto,"gabriella, sans-serif",900,normal,72px,normal,0px,start,"none solid rgb(240, 240, 240)",none,none,none,"rgba(0, 0, 0, 0)",none,0% 0%,repeat,auto
https://tympanus.net/Development/RevealingWebGLImages,H1,79200.0,22,60px,"rgb(240, 240, 240)",auto,auto,"gabriella, sans-serif",900,normal,72px,normal,0px,start,"none solid rgb(240, 240, 240)",none,none,none,"rgba(0, 0, 0, 0)",none,0% 0%,repeat,auto
https://tympanus.net/Development/StickySections/,BODY,658176.0,2571,16px,"rgb(255, 255, 255)",auto,auto,"area-variable, sans-serif",400,normal,normal,normal,0px,start,"none solid rgb(255, 255, 255)",none,none,none,"rgb(18, 16, 14)",none,0% 0%,repeat,auto
https://tympanus.net/Development/StickySections/,MAIN,647936.0,2531,16px,"rgb(255, 255, 255)",auto,auto,"area-variable, sans-serif",400,normal,normal,normal,0px,start,"none solid rgb(255, 255, 255)",none,none,none,"rgba(0, 0, 0, 0)",none,0% 0%,repeat,auto
https://tympanus.net/Development/StickySections/,P,458496.0,199,48px,"rgb(255, 255, 255)",auto,auto,"area-variable, sans-serif",400,normal,57.6px,normal,0px,start,"none solid rgb(255, 255, 255)",none,none,none,"rgba(0, 0, 0, 0)",none,0% 0%,repeat,auto
https://tympanus.net/Development/StickySections/,P,458496.0,199,48px,"rgb(255, 255, 255)",auto,auto,"area-variable, sans-serif",400,normal,57.6px,normal,0px,start,"none solid rgb(255, 255, 255)",none,none,none,"rgba(0, 0, 0, 0)",none,0% 0%,repeat,auto
https://tympanus.net/Development/StickySections/,P,458496.0,199,48px,"rgb(255, 255, 255)",auto,auto,"area-variable, sans-serif",400,normal,57.6px,normal,0px,start,"none solid rgb(255, 255, 255)",none,none,none,"rgba(0, 0, 0, 0)",none,0% 0%,repeat,auto
https://tympanus.net/Development/StickySections/,P,458496.0,199,48px,"rgb(255, 255, 255)",auto,auto,"area-variable, sans-serif",400,normal,57.6px,normal,0px,start,"none solid rgb(255, 255, 255)",none,none,none,"rgba(0, 0, 0, 0)",none,0% 0%,repeat,auto
http://tympanus.net/Development/ScrollCarousel/,P,479232.0,52,96px,"rgb(255, 255, 255)",auto,auto,"Cardo, serif",400,normal,96px,normal,0px,start,"none solid rgb(255, 255, 255)",none,none,none,"rgba(0, 0, 0, 0)",none,0% 0%,repeat,auto
http://tympanus.net/Development/ScrollCarousel/,P,479232.0,52,96px,"rgb(255, 255, 255)",auto,auto,"Cardo, serif",400,normal,96px,normal,0px,start,"none solid rgb(255, 255, 255)",none,none,none,"rgba(0, 0, 0, 0)",none,0% 0%,repeat,auto
http://tympanus.net/Development/ScrollCarousel/,P,479232.0,52,96px,"rgb(255, 255, 255)",auto,auto,"Cardo, serif",400,normal,96px,normal,0px,start,"none solid rgb(255, 255, 255)",none,none,none,"rgba(0, 0, 0, 0)",none,0% 0%,repeat,auto
http://tympanus.net/Development/ScrollCarousel/,P,479232.0,52,96px,"rgb(255, 255, 255)",auto,auto,"Cardo, serif",400,normal,96px,normal,0px,start,"none solid rgb(255, 255, 255)",none,none,none,"rgba(0, 0, 0, 0)",none,0% 0%,repeat,auto
http://tympanus.net/Development/ScrollCarousel/,P,479232.0,52,96px,"rgb(255, 255, 255)",auto,auto,"Cardo, serif",400,normal,96px,normal,0px,start,"none solid rgb(255, 255, 255)",none,none,none,"rgba(0, 0, 0, 0)",none,0% 0%,repeat,auto
http://tympanus.net/Development/ScrollCarousel/,P,479232.0,52,96px,"rgb(255, 255, 255)",auto,auto,"Cardo, serif",400,normal,96px,normal,0px,start,"none solid rgb(255, 255, 255)",none,none,none,"rgba(0, 0, 0, 0)",none,0% 0%,repeat,auto
https://tympanus.net/Development/TextClipScroll,BODY,1155584.0,4514,16px,"rgb(243, 243, 243)",auto,auto,"oculi-display, serif",400,normal,normal,normal,0px,start,"none solid rgb(243, 243, 243)",none,none,none,"rgb(15, 14, 14)",none,0% 0%,repeat,auto
https://tympanus.net/Development/TextClipScroll,MAIN,1149440.0,4490,16px,"rgb(243, 243, 243)",auto,auto,"oculi-display, serif",400,normal,normal,normal,0px,start,"none solid rgb(243, 243, 243)",none,none,none,"rgba(0, 0, 0, 0)",none,0% 0%,repeat,auto
https://tympanus.net/Development/TextClipScroll,P,412128.0,318,36px,"rgb(243, 243, 243)",auto,auto,"oculi-display, serif",300,normal,45px,normal,0px,start,"none solid rgb(243, 243, 243)",none,none,none,"rgba(0, 0, 0, 0)",none,0% 0%,repeat,auto
https://tympanus.net/Development/TextClipScroll,P,412128.0,318,36px,"rgb(243, 243, 243)",auto,auto,"oculi-display, serif",300,normal,45px,normal,0px,start,"none solid rgb(243, 243, 243)",none,none,none,"rgba(0, 0, 0, 0)",none,0% 0%,repeat,auto
https://tympanus.net/Development/TextClipScroll,P,412128.0,318,36px,"rgb(243, 243, 243)",auto,auto,"oculi-display, serif",300,normal,45px,normal,0px,start,"none solid rgb(243, 243, 243)",none,none,none,"rgba(0, 0, 0, 0)",none,0% 0%,repeat,auto
https://tympanus.net/Development/TextClipScroll,P,412128.0,318,36px,"rgb(243, 243, 243)",auto,auto,"oculi-display, serif",300,normal,45px,normal,0px,start,"none solid rgb(243, 243, 243)",none,none,none,"rgba(0, 0, 0, 0)",none,0% 0%,repeat,auto
https://tympanus.net/Development/SlicedTextEffect,H3,4553472.0,48,308px,"rgb(255, 255, 255)",auto,auto,"cofo-peshka-variable, sans-serif",400,normal,308px,normal,0px,start,"none solid rgb(255, 255, 255)",uppercase,none,none,"rgba(0, 0, 0, 0)",none,0% 0%,repeat,auto
https://tympanus.net/Development/SlicedTextEffect,H3,4553472.0,48,308px,"rgb(255, 255, 255)",auto,auto,"cofo-peshka-variable, sans-serif",400,normal,308px,normal,0px,start,"none solid rgb(255, 255, 255)",uppercase,none,none,"rgba(0, 0, 0, 0)",none,0% 0%,repeat,auto
https://tympanus.net/Development/SlicedTextEffect,H3,4553472.0,48,308px,"rgb(255, 255, 255)",auto,auto,"cofo-peshka-variable, sans-serif",400,normal,308px,normal,0px,start,"none solid rgb(255, 255, 255)",uppercase,none,none,"rgba(0, 0, 0, 0)",none,0% 0%,repeat,auto
https://tympanus.net/Development/SlicedTextEffect,H3,4553472.0,48,308px,"rgb(255, 255, 255)",auto,auto,"cofo-peshka-variable, sans-serif",400,normal,308px,normal,0px,start,"none solid rgb(255, 255, 255)",uppercase,none,none,"rgba(0, 0, 0, 0)",none,0% 0%,repeat,auto
https://tympanus.net/Development/SlicedTextEffect,H3,1897280.0,20,308px,"rgb(255, 255, 255)",auto,auto,"neulis-sans, sans-serif",300,normal,308px,normal,0px,start,"none solid rgb(255, 255, 255)",uppercase,none,none,"rgba(0, 0, 0, 0)",none,0% 0%,repeat,auto
https://tympanus.net/Development/SlicedTextEffect,H3,1897280.0,20,308px,"rgb(255, 255, 255)",auto,auto,"neulis-sans, sans-serif",300,normal,308px,normal,0px,start,"none solid rgb(255, 255, 255)",uppercase,none,none,"rgba(0, 0, 0, 0)",none,0% 0%,repeat,auto
https://tympanus.net/Development/3DPortalCard,BODY,33264.0,231,12px,"rgb(140, 146, 164)",auto,auto,"ui-monospace, SFMono-Regular, Menlo, ""Roboto Mono"", monospace",400,normal,normal,normal,0px,start,"none solid rgb(140, 146, 164)",none,none,none,"rgb(0, 0, 0)",none,0% 0%,repeat,auto
https://tympanus.net/Development/3DPortalCard,MAIN,31104.0,216,12px,"rgb(140, 146, 164)",auto,auto,"ui-monospace, SFMono-Regular, Menlo, ""Roboto Mono"", monospace",400,normal,normal,normal,0px,start,"none solid rgb(140, 146, 164)",none,none,none,"rgba(0, 0, 0, 0)",none,0% 0%,repeat,auto
https://tympanus.net/Development/3DPortalCard,DIV,28368.0,197,12px,"rgb(140, 146, 164)",auto,auto,"ui-monospace, SFMono-Regular, Menlo, ""Roboto Mono"", monospace",400,normal,normal,normal,0px,start,"none solid rgb(140, 146, 164)",none,none,none,"rgba(0, 0, 0, 0)",none,0% 0%,repeat,auto
https://tympanus.net/Development/3DPortalCard,DIV,28368.0,197,12px,"rgb(140, 146, 164)",auto,auto,"ui-monospace, SFMono-Regular, Menlo, ""Roboto Mono"", monospace",400,normal,normal,normal,0px,start,"none solid rgb(140, 146, 164)",none,none,none,"rgba(0, 0, 0, 0)",none,0% 0%,repeat,auto
https://tympanus.net/Development/3DPortalCard,A,12672.0,88,12px,"rgb(140, 146, 164)",auto,auto,"ui-monospace, SFMono-Regular, Menlo, ""Roboto Mono"", monospace",400,normal,normal,normal,0px,start,"underline solid rgb(140, 146, 164)",none,none,none,"rgba(0, 0, 0, 0)",none,0% 0%,repeat,auto
https://tympanus.net/Development/3DPortalCard,DIV,12672.0,88,12px,"rgb(140, 146, 164)",auto,auto,"ui-monospace, SFMono-Regular, Menlo, ""Roboto Mono"", monospace",400,normal,normal,normal,0px,start,"none solid rgb(140, 146, 164)",none,none,none,"rgba(0, 0, 0, 0)",none,0% 0%,repeat,auto
